timestamp,retrain_number,samples_used,retrain_duration_ms,model_saved
2025-12-21T16:40:04.419482,1,944,4.167795181274414,True
2025-12-21T16:40:30.152970,2,1000,4.088878631591797,True
2025-12-21T16:40:56.227590,3,1000,4.108905792236328,False
2025-12-21T16:41:22.304764,4,1000,3.8442611694335938,False
2025-12-21T16:41:47.577984,5,1000,4.044055938720703,True
2025-12-21T16:42:11.614949,6,1000,3.820180892944336,False
2025-12-21T16:42:35.880339,7,1000,4.06193733215332,False
2025-12-21T16:43:00.301590,8,1000,4.08172607421875,False
2025-12-21T16:43:24.774076,9,1000,4.235982894897461,False
2025-12-21T16:43:49.885775,10,1000,4.165172576904297,False
2025-12-21T16:44:15.954390,11,1000,4.289150238037109,True
2025-12-21T16:44:40.427651,12,1000,4.276037216186523,False
2025-12-21T16:45:04.740366,13,1000,4.138946533203125,False
2025-12-21T16:45:27.587139,14,1000,4.196882247924805,False
2025-12-21T16:45:50.270405,15,1000,4.2018890380859375,False
2025-12-21T16:46:13.428139,16,1000,4.027128219604492,True
2025-12-21T16:46:38.412242,17,1000,4.2858123779296875,False
2025-12-21T16:47:03.152345,18,1000,4.192113876342773,False
2025-12-21T16:47:29.646974,19,1000,4.428863525390625,False
2025-12-21T16:47:55.105955,20,1000,4.292964935302734,False
2025-12-21T16:48:20.429710,21,1000,4.086971282958984,False
2025-12-21T16:48:45.935671,22,1000,4.038095474243164,False
2025-12-21T16:49:12.001975,23,1000,4.205942153930664,False
2025-12-21T16:49:36.207072,24,1000,6.924152374267578,False
2025-12-21T16:50:02.348844,25,1000,3.988981246948242,False
2025-12-21T16:50:27.465836,26,1000,4.102230072021484,False
2025-12-21T16:50:53.469483,27,1000,4.0340423583984375,False
2025-12-21T16:51:18.458286,28,1000,4.130125045776367,False
2025-12-21T16:51:44.469388,29,1000,4.68897819519043,False
2025-12-21T16:52:10.440262,30,1000,4.749059677124023,False
2025-12-21T16:52:35.093830,31,1000,4.075050354003906,False
2025-12-21T16:53:01.164608,32,1000,4.601955413818359,False
